Workbook

Sheet Jobs
A1: # | B1: Priority | C1: Company | D1: Role | E1: Location | F1: Experience | G1: Source | H1: Approx. Posted | I1: Age (days) | J1: Fit | K1: Status | L1: Date Applied | M1: Link | N1: Notes | O1: Date Found
A2: 1 | B2: =IF(OR(ISNUMBER(SEARCH("mumbai",E2)),ISNUMBER(SEARCH("thane",E2)),ISNUMBER(SEARCH("remote",E2))),"1 Mumbai/Remote",IF(OR(E2="",E2="Verify"),"2 Verify location","3 Other city")) -> 1 Mumbai/Remote | C2: Neemtree | D2: Senior Java Developer | E2: Mumbai | F2: 5-8 yrs | G2: Other | H2: 46305 | I2: =IF(H2="","",TODAY()-H2) -> 4 | J2: High | K2: Not applied | M2: Open | N2: Listed Rs 14-24 LPA (Weekday) | O2: 46309
A3: 2 | B3: =IF(OR(ISNUMBER(SEARCH("mumbai",E3)),ISNUMBER(SEARCH("thane",E3)),ISNUMBER(SEARCH("remote",E3))),"1 Mumbai/Remote",IF(OR(E3="",E3="Verify"),"2 Verify location","3 Other city")) -> 1 Mumbai/Remote | C3: HYrEzy Tech Solutions | D3: Java Microservices Engineers - Remote | E3: Remote | F3: 4-8 yrs | G3: LinkedIn | H3: 46304 | I3: =IF(H3="","",TODAY()-H3) -> 5 | J3: High | K3: Not applied | M3: Open | N3: Java 11/17+, Spring Boot, Spring Cloud. Recruiter-posted | O3: 46309
A4: 3 | B4: =IF(OR(ISNUMBER(SEARCH("mumbai",E4)),ISNUMBER(SEARCH("thane",E4)),ISNUMBER(SEARCH("remote",E4))),"1 Mumbai/Remote",IF(OR(E4="",E4="Verify"),"2 Verify location","3 Other city")) -> 1 Mumbai/Remote | C4: JPMorganChase | D4: Software Engineer II - Agentic AI, Java, AWS, Spring Boot, Kafka | E4: Mumbai | F4: Not stated | G4: LinkedIn | H4: 46303 | I4: =IF(H4="","",TODAY()-H4) -> 6 | J4: High | K4: Not applied | M4: Open | N4: Best fit: Kafka + your AI-assisted upgrade tool | O4: 46309
A5: 4 | B5: =IF(OR(ISNUMBER(SEARCH("mumbai",E5)),ISNUMBER(SEARCH("thane",E5)),ISNUMBER(SEARCH("remote",E5))),"1 Mumbai/Remote",IF(OR(E5="",E5="Verify"),"2 Verify location","3 Other city")) -> 1 Mumbai/Remote | C5: NTT DATA | D5: Software Engineer / Sr Software Engineer - Java Developer | E5: Mumbai / Thane / Navi Mumbai | F5: 4-8 yrs | G5: Naukri | H5: 46303 | I5: =IF(H5="","",TODAY()-H5) -> 6 | J5: High | K5: Not applied | M5: Open | N5: Core Java, Kafka, SQL, Spring Boot, Microservices | O5: 46309
A6: 5 | B6: =IF(OR(ISNUMBER(SEARCH("mumbai",E6)),ISNUMBER(SEARCH("thane",E6)),ISNUMBER(SEARCH("remote",E6))),"1 Mumbai/Remote",IF(OR(E6="",E6="Verify"),"2 Verify location","3 Other city")) -> 1 Mumbai/Remote | C6: Capgemini | D6: Java with Kafka and AWS | E6: Mumbai / Navi Mumbai / Bengaluru | F6: 6-11 yrs | G6: Naukri | H6: 46307 | I6: =IF(H6="","",TODAY()-H6) -> 2 | J6: Medium | K6: Not applied | M6: Open | N6: Stretch on experience; stack matches. Hybrid | O6: 46309
A7: 6 | B7: =IF(OR(ISNUMBER(SEARCH("mumbai",E7)),ISNUMBER(SEARCH("thane",E7)),ISNUMBER(SEARCH("remote",E7))),"1 Mumbai/Remote",IF(OR(E7="",E7="Verify"),"2 Verify location","3 Other city")) -> 1 Mumbai/Remote | C7: Accenture | D7: Full Stack Engineer (Java) | E7: Mumbai | F7: 5+ yrs | G7: Other | H7: 46307 | I7: =IF(H7="","",TODAY()-H7) -> 2 | J7: Medium | K7: Not applied | M7: Open | N7: Java full stack; Mumbai office | O7: 46309
A8: 7 | B8: =IF(OR(ISNUMBER(SEARCH("mumbai",E8)),ISNUMBER(SEARCH("thane",E8)),ISNUMBER(SEARCH("remote",E8))),"1 Mumbai/Remote",IF(OR(E8="",E8="Verify"),"2 Verify location","3 Other city")) -> 1 Mumbai/Remote | C8: Mattecurve Technologies | D8: Senior Java Software Engineer - Remote Contract | E8: Remote | F8: 4+ yrs | G8: LinkedIn | H8: 46307 | I8: =IF(H8="","",TODAY()-H8) -> 2 | J8: Medium | K8: Not applied | M8: Open | N8: Contract role, not full-time | O8: 46309
A9: 8 | B9: =IF(OR(ISNUMBER(SEARCH("mumbai",E9)),ISNUMBER(SEARCH("thane",E9)),ISNUMBER(SEARCH("remote",E9))),"1 Mumbai/Remote",IF(OR(E9="",E9="Verify"),"2 Verify location","3 Other city")) -> 1 Mumbai/Remote | C9: Naukri (company not shown) | D9: Java Spring Boot Developer | E9: Mumbai | F9: 3-6 yrs | G9: Naukri | H9: 46306 | I9: =IF(H9="","",TODAY()-H9) -> 3 | J9: Medium | K9: Not applied | M9: Open | N9: Hibernate, MySQL, Microservices | O9: 46309
A10: 9 | B10: =IF(OR(ISNUMBER(SEARCH("mumbai",E10)),ISNUMBER(SEARCH("thane",E10)),ISNUMBER(SEARCH("remote",E10))),"1 Mumbai/Remote",IF(OR(E10="",E10="Verify"),"2 Verify location","3 Other city")) -> 1 Mumbai/Remote | C10: Mount Talent Consulting | D10: Senior Java Developer - Backend Engineering | E10: Mumbai | F10: 5+ yrs | G10: Other | H10: 46306 | I10: =IF(H10="","",TODAY()-H10) -> 3 | J10: Medium | K10: Not applied | M10: Open | N10: Staffing agency | O10: 46309
A11: 10 | B11: =IF(OR(ISNUMBER(SEARCH("mumbai",E11)),ISNUMBER(SEARCH("thane",E11)),ISNUMBER(SEARCH("remote",E11))),"1 Mumbai/Remote",IF(OR(E11="",E11="Verify"),"2 Verify location","3 Other city")) -> 1 Mumbai/Remote | C11: Experis | D11: Backend Developer / Software Engineer | E11: Thane / Mumbai | F11: 5+ yrs | G11: Other | H11: 46305 | I11: =IF(H11="","",TODAY()-H11) -> 4 | J11: Medium | K11: Not applied | M11: Open | N11: Staffing agency | O11: 46309
A12: 11 | B12: =IF(OR(ISNUMBER(SEARCH("mumbai",E12)),ISNUMBER(SEARCH("thane",E12)),ISNUMBER(SEARCH("remote",E12))),"1 Mumbai/Remote",IF(OR(E12="",E12="Verify"),"2 Verify location","3 Other city")) -> 1 Mumbai/Remote | C12: Algodomain | D12: Senior Java Backend Engineer | E12: Remote | F12: 5+ yrs | G12: LinkedIn | H12: 46305 | I12: =IF(H12="","",TODAY()-H12) -> 4 | J12: Medium | K12: Not applied | M12: Open | N12: Java 17, Spring Boot 3, Kubernetes. Listed Chicago/London/Remote - confirm India is allowed | O12: 46309
A13: 12 | B13: =IF(OR(ISNUMBER(SEARCH("mumbai",E13)),ISNUMBER(SEARCH("thane",E13)),ISNUMBER(SEARCH("remote",E13))),"1 Mumbai/Remote",IF(OR(E13="",E13="Verify"),"2 Verify location","3 Other city")) -> 1 Mumbai/Remote | C13: NEC Software Solutions | D13: Senior Software Engineer - Java, Angular | E13: Mumbai | F13: Mid-Senior | G13: LinkedIn | H13: 46304 | I13: =IF(H13="","",TODAY()-H13) -> 5 | J13: Medium | K13: Not applied | M13: Open | N13: Full-stack (Angular) | O13: 46309
... A33: 32 | B33: =IF(OR(ISNUMBER(SEARCH("mumbai",E33)),ISNUMBER(SEARCH("thane",E33)),ISNUMBER(SEARCH("remote",E33))),"1 Mumbai/Remote",IF(OR(E33="",E33="Verify"),"2 Verify location","3 Other city")) -> 3 Other city | C33: Altezzasys | D33: Java Backend Developer | E33: Gurugram | F33: 4-6 yrs | G33: Naukri | H33: 46302 | I33: =IF(H33="","",TODAY()-H33) -> 7 | J33: Medium | K33: Not applied | M33: Open | N33: At the 7-day edge | O33: 46309

Sheet Summary
A1: Job search tracker
A2: Profile | B2: Java / Spring Boot backend, ~5 yrs
A3: Last refreshed | B3: 46309
A4: Freshness rule | B4: Posted within 7 days of refresh date
A5: Sort order | B5: 1 Mumbai/Remote, then 2 Verify location, then 3 Other city. Inside each: High fit first, newest first.
A7: Total jobs | B7: =COUNTA(Jobs!C2:C1000) -> 32
A8: 1 Mumbai/Remote | B8: =COUNTIF(Jobs!B2:B1000,"1 Mumbai/Remote") -> 15
A9: 2 Verify location | B9: =COUNTIF(Jobs!B2:B1000,"2 Verify location") -> 12
A10: 3 Other city | B10: =COUNTIF(Jobs!B2:B1000,"3 Other city") -> 5
A12: High fit | B12: =COUNTIF(Jobs!J2:J1000,"High") -> 8
A13: Medium fit | B13: =COUNTIF(Jobs!J2:J1000,"Medium") -> 19
A14: Low fit | B14: =COUNTIF(Jobs!J2:J1000,"Low") -> 5
A15: Applied | B15: =COUNTIF(Jobs!K2:K1000,"Applied") -> 0
A16: Interviews | B16: =COUNTIF(Jobs!K2:K1000,"Interview") -> 0
A18: Excluded (WITCH) | B18: Wipro, Infosys, TCS, Cognizant, HCL (see Excluded sheet)
A19: Notes | B19: Posted dates are approximate (from 'N days ago' or Naukri job IDs). Priority comes from the Location column, so edit Location and Priority updates (re-sort with the filter arrows). 'Verify' = the search snippet didn't show a city. Confirm each listing is still open before applying.

Sheet Excluded
A1: Company | B1: Role | C1: Reason | D1: Link
A2: TCS | B2: Java Microservices Developer (Navi Mumbai) | C2: WITCH | D2: https://in.linkedin.com/jobs/view/java-microservices-developer-at-tata-consultancy-services-4475407702
A3: TCS | B3: Java Microservice Developer (Mumbai) | C3: WITCH | D3: https://www.naukri.com/job-listings-java-microservice-developer-tata-consultancy-services-mumbai-all-areas-5-to-10-years-061026018292
A4: TCS | B4: Java Developer - S (Mumbai / Bengaluru) | C4: WITCH | D4: https://www.naukri.com/job-listings-java-developer-s-tata-consultancy-services-bengaluru-6-to-10-years-121026004136
A5: TCS | B5: Java Developer (Pune / Chennai / Bengaluru) | C5: WITCH | D5: https://www.naukri.com/job-listings-java-developer-tata-consultancy-services-pune-chennai-bengaluru-5-to-8-years-121026001426
A6: Infosys | B6: Multiple Java Spring Boot roles (Pune/Hyderabad/Bengaluru) | C6: WITCH | D6: https://www.naukri.com/spring-framework-jobs
